1o.circ.1	checkbox	val=None	acts=[]	opts=
1o.circ.2	checkbox	val=None	acts=[]	opts=
1o.circ.3	checkbox	val=None	acts=[]	opts=
1o.circ.4	checkbox	val=None	acts=[]	opts=
2o.circ.1	checkbox	val=None	acts=[]	opts=
2o.circ.2	checkbox	val=None	acts=[]	opts=
2o.circ.3	checkbox	val=None	acts=[]	opts=
3o.circ.1	checkbox	val=None	acts=[]	opts=
3o.circ.2	checkbox	val=None	acts=[]	opts=
3o.circ.3	checkbox	val=None	acts=[]	opts=
4o.circ.1	checkbox	val=None	acts=[]	opts=
4o.circ.2	checkbox	val=None	acts=[]	opts=
4o.circ.3	checkbox	val=None	acts=[]	opts=
5o.circ.1	checkbox	val=None	acts=[]	opts=
5o.circ.2	checkbox	val=None	acts=[]	opts=
5o.circ.3	checkbox	val=None	acts=[]	opts=
6o.circ.1	checkbox	val=None	acts=[]	opts=
6o.circ.2	checkbox	val=None	acts=[]	opts=
7o.circ.1	checkbox	val=None	acts=[]	opts=
7o.circ.2	checkbox	val=None	acts=[]	opts=
8o.circ.1	checkbox	val=None	acts=[]	opts=
9o.circ.1	checkbox	val=None	acts=[]	opts=
ANTECEDENTE	combo	val=- Selecione -	acts=[validate]	opts=- Selecione -|Acólito|Andarilho|Artesão|Artista|Charlatão|Criminoso|Eremita|Escr
ARMADURA.ATUAL	combo	val=Sem Armadura	acts=[]	opts=['Sem Armadura', 'Sem Armadura = 10 + DEX']
ATRIBUTO.conju	text	val=None	acts=[]	opts=
AUTO.ANTECEDENTE	text	val=None	acts=[]	opts=
AUTO.ARMAS	text	val=None	acts=[]	opts=
AUTO.CA	text	val=10	acts=[]	opts=
AUTO.ESPECIE	text	val=None	acts=[]	opts=
AUTO.FERRAMENTAS	text	val=None	acts=[]	opts=
AUTO.INICIATIVA	text	val=None	acts=[]	opts=
AUTO.PASSIVA	text	val=None	acts=[]	opts=
AUTO.PERICIAS.ANTECEDENTE	text	val=None	acts=[]	opts=
Arma.Truque	text	val=None	acts=[]	opts=
Arma.Truque2	text	val=None	acts=[]	opts=
Arma.Truque3	text	val=None	acts=[]	opts=
Arma.Truque4	text	val=None	acts=[]	opts=
Arma.Truque5	text	val=None	acts=[]	opts=
Arma.Truque6	text	val=None	acts=[]	opts=
Assinatura	text	val=Ficha Interativa por Sr Stuart III	acts=[]	opts=
Bonus de atk	text	val=None	acts=[]	opts=
Bonus de atk 1	text	val=None	acts=[]	opts=
Bonus de atk 2	text	val=None	acts=[]	opts=
Bonus de atk 3	text	val=None	acts=[]	opts=
Bonus de atk 4	text	val=None	acts=[]	opts=
Bonus de atk 5	text	val=None	acts=[]	opts=
C5	checkbox	val=None	acts=[]	opts=
CA	text	val=10	acts=[calculate]	opts=
CAR.MOD	text	val=None	acts=[calculate]	opts=
CAR.atu	text	val=None	acts=[calculate]	opts=
CAR.eng	text	val=None	acts=[calculate]	opts=
CAR.inti	text	val=None	acts=[calculate]	opts=
CAR.pers	text	val=None	acts=[calculate]	opts=
CAR.res	text	val=None	acts=[calculate]	opts=
CAR.val	text	val=None	acts=[]	opts=
CD.magia	text	val=None	acts=[calculate]	opts=
CLASSE	combo	val=- Selecione -	acts=[validate]	opts=- Selecione -|Artífice|Bárbaro|Bardo|Bruxo|Clérigo|Druida|Feiticeiro|Guerreiro|L
CON.MOD	text	val=None	acts=[calculate]	opts=
CON.res	text	val=None	acts=[calculate]	opts=
CON.val	text	val=None	acts=[validate]	opts=
Carac.Classe.1	text	val=None	acts=[]	opts=
Carac.Classe.2	text	val=None	acts=[]	opts=
Concentracao.1	checkbox	val=None	acts=[]	opts=
Concentracao.10	checkbox	val=None	acts=[]	opts=
Concentracao.11	checkbox	val=None	acts=[]	opts=
Concentracao.12	checkbox	val=None	acts=[]	opts=
Concentracao.13	checkbox	val=None	acts=[]	opts=
Concentracao.14	checkbox	val=None	acts=[]	opts=
Concentracao.15	checkbox	val=None	acts=[]	opts=
Concentracao.16	checkbox	val=None	acts=[]	opts=
Concentracao.17	checkbox	val=None	acts=[]	opts=
Concentracao.18	checkbox	val=None	acts=[]	opts=
Concentracao.19	checkbox	val=None	acts=[]	opts=
Concentracao.2	checkbox	val=None	acts=[]	opts=
Concentracao.20	checkbox	val=None	acts=[]	opts=
Concentracao.21	checkbox	val=None	acts=[]	opts=
Concentracao.22	checkbox	val=None	acts=[]	opts=
Concentracao.23	checkbox	val=None	acts=[]	opts=
Concentracao.24	checkbox	val=None	acts=[]	opts=
Concentracao.25	checkbox	val=None	acts=[]	opts=
Concentracao.26	checkbox	val=None	acts=[]	opts=
Concentracao.27	checkbox	val=None	acts=[]	opts=
Concentracao.28	checkbox	val=None	acts=[]	opts=
Concentracao.29	checkbox	val=None	acts=[]	opts=
Concentracao.3	checkbox	val=None	acts=[]	opts=
Concentracao.30	checkbox	val=None	acts=[]	opts=
Concentracao.31	checkbox	val=None	acts=[]	opts=
Concentracao.32	checkbox	val=None	acts=[]	opts=
Concentracao.33	checkbox	val=None	acts=[]	opts=
Concentracao.34	checkbox	val=None	acts=[]	opts=
Concentracao.4	checkbox	val=None	acts=[]	opts=
Concentracao.5	checkbox	val=None	acts=[]	opts=
Concentracao.6	checkbox	val=None	acts=[]	opts=
Concentracao.7	checkbox	val=None	acts=[]	opts=
Concentracao.8	checkbox	val=None	acts=[]	opts=
Concentracao.9	checkbox	val=None	acts=[]	opts=
DEX.MOD	text	val=None	acts=[calculate]	opts=
DEX.acr	text	val=None	acts=[calculate]	opts=
DEX.fur	text	val=None	acts=[calculate]	opts=
DEX.pre	text	val=None	acts=[calculate]	opts=
DEX.res	text	val=None	acts=[calculate]	opts=
DEX.val	text	val=None	acts=[validate]	opts=
Dano e Tipo	text	val=None	acts=[]	opts=
Dano e Tipo 1	text	val=None	acts=[]	opts=
Dano e Tipo 2	text	val=None	acts=[]	opts=
Dano e Tipo 3	text	val=None	acts=[]	opts=
Dano e Tipo 4	text	val=None	acts=[]	opts=
Dano e Tipo 5	text	val=None	acts=[]	opts=
Deslocamento	text	val=None	acts=[]	opts=
ESPECIE	combo	val=- Selecione -	acts=[validate]	opts=- Selecione -|Aasimar|Anão|Draconato|Elfo|Gnomo|Golias|Halfling|Humano|Orc|Tiefl
Equipamentos	text	val=None	acts=[]	opts=
Escudo	checkbox	val=None	acts=[]	opts=
Esp.mag.1	text	val=None	acts=[calculate]	opts=
Esp.mag.2	text	val=None	acts=[calculate]	opts=
Esp.mag.3	text	val=None	acts=[calculate]	opts=
Esp.mag.4	text	val=None	acts=[calculate]	opts=
Esp.mag.5	text	val=None	acts=[calculate]	opts=
Esp.mag.6	text	val=None	acts=[calculate]	opts=
Esp.mag.7	text	val=None	acts=[calculate]	opts=
Esp.mag.8	text	val=None	acts=[calculate]	opts=
Esp.mag.9	text	val=None	acts=[calculate]	opts=
FOR.MOD	text	val=None	acts=[calculate]	opts=
FOR.atl	text	val=None	acts=[calculate]	opts=
FOR.res	text	val=None	acts=[calculate]	opts=
FOR.val	text	val=None	acts=[validate]	opts=
HABILIDADES.ESPECIE	text	val=None	acts=[]	opts=
HP.Dados.Gasto	text	val=None	acts=[]	opts=
HP.Dados.max	text	val=None	acts=[]	opts=
HP.atual	text	val=None	acts=[]	opts=
HP.max	text	val=None	acts=[]	opts=
HP.temp	text	val=None	acts=[]	opts=
INT.MOD	text	val=None	acts=[calculate]	opts=
INT.arc	text	val=None	acts=[calculate]	opts=
INT.hist	text	val=None	acts=[calculate]	opts=
INT.inv	text	val=None	acts=[calculate]	opts=
INT.nat	text	val=None	acts=[calculate]	opts=
INT.rel	text	val=None	acts=[calculate]	opts=
INT.res	text	val=None	acts=[calculate]	opts=
INT.val	text	val=None	acts=[validate]	opts=
Iniciativa	text	val=None	acts=[calculate]	opts=
Item.magico.1	text	val=None	acts=[]	opts=
Item.magico.2	text	val=None	acts=[]	opts=
Item.magico.3	text	val=None	acts=[]	opts=
MOD.CONJ	text	val=None	acts=[calculate]	opts=
MOD.magia	text	val=None	acts=[calculate]	opts=
Material.1	checkbox	val=None	acts=[]	opts=
Material.10	checkbox	val=None	acts=[]	opts=
Material.11	checkbox	val=None	acts=[]	opts=
Material.12	checkbox	val=None	acts=[]	opts=
Material.13	checkbox	val=None	acts=[]	opts=
Material.14	checkbox	val=None	acts=[]	opts=
Material.15	checkbox	val=None	acts=[]	opts=
Material.16	checkbox	val=None	acts=[]	opts=
Material.17	checkbox	val=None	acts=[]	opts=
Material.18	checkbox	val=None	acts=[]	opts=
Material.19	checkbox	val=None	acts=[]	opts=
Material.2	checkbox	val=None	acts=[]	opts=
Material.20	checkbox	val=None	acts=[]	opts=
Material.21	checkbox	val=None	acts=[]	opts=
Material.22	checkbox	val=None	acts=[]	opts=
Material.23	checkbox	val=None	acts=[]	opts=
Material.24	checkbox	val=None	acts=[]	opts=
Material.25	checkbox	val=None	acts=[]	opts=
Material.26	checkbox	val=None	acts=[]	opts=
Material.27	checkbox	val=None	acts=[]	opts=
Material.28	checkbox	val=None	acts=[]	opts=
Material.29	checkbox	val=None	acts=[]	opts=
Material.3	checkbox	val=None	acts=[]	opts=
Material.30	checkbox	val=None	acts=[]	opts=
Material.31	checkbox	val=None	acts=[]	opts=
Material.32	checkbox	val=None	acts=[]	opts=
Material.33	checkbox	val=None	acts=[]	opts=
Material.34	checkbox	val=None	acts=[]	opts=
Material.4	checkbox	val=None	acts=[]	opts=
Material.5	checkbox	val=None	acts=[]	opts=
Material.6	checkbox	val=None	acts=[]	opts=
Material.7	checkbox	val=None	acts=[]	opts=
Material.8	checkbox	val=None	acts=[]	opts=
Material.9	checkbox	val=None	acts=[]	opts=
Morte.fal.1	checkbox	val=None	acts=[]	opts=
Morte.fal.2	checkbox	val=None	acts=[]	opts=
Morte.fal.3	checkbox	val=None	acts=[]	opts=
Morte.suc.1	checkbox	val=None	acts=[]	opts=
Morte.suc.2	checkbox	val=None	acts=[]	opts=
Morte.suc.3	checkbox	val=None	acts=[]	opts=
Nome 	text	val=None	acts=[]	opts=
Notas da Arma	text	val=None	acts=[]	opts=
Notas da Arma 1	text	val=None	acts=[]	opts=
Notas da Arma 2	text	val=None	acts=[]	opts=
Notas da Arma 3	text	val=None	acts=[]	opts=
Notas da Arma 4	text	val=None	acts=[]	opts=
Notas da Arma 5	text	val=None	acts=[]	opts=
Nível	text	val=None	acts=[validate]	opts=
O.CAR.atu	checkbox	val=None	acts=[]	opts=
O.CAR.eng	checkbox	val=None	acts=[]	opts=
O.CAR.inti	checkbox	val=None	acts=[]	opts=
O.CAR.pers	checkbox	val=None	acts=[]	opts=
O.CAR.res	checkbox	val=None	acts=[]	opts=
O.CON.res	checkbox	val=None	acts=[]	opts=
O.DEX.acr	checkbox	val=None	acts=[]	opts=
O.DEX.fur	checkbox	val=None	acts=[]	opts=
O.DEX.pre	checkbox	val=None	acts=[]	opts=
O.DEX.res	checkbox	val=None	acts=[]	opts=
O.FOR.atl	checkbox	val=None	acts=[]	opts=
O.FOR.res	checkbox	val=None	acts=[]	opts=
O.INT.hist	checkbox	val=None	acts=[]	opts=
O.INT.inv	checkbox	val=None	acts=[]	opts=
O.INT.nat	checkbox	val=None	acts=[]	opts=
O.INT.rel	checkbox	val=None	acts=[]	opts=
O.INT.res	checkbox	val=None	acts=[]	opts=
O.SAB.int	checkbox	val=None	acts=[]	opts=
O.SAB.lidar	checkbox	val=None	acts=[]	opts=
O.SAB.med	checkbox	val=None	acts=[]	opts=
O.SAB.perc	checkbox	val=None	acts=[]	opts=
O.SAB.res	checkbox	val=None	acts=[]	opts=
O.SAB.sob	checkbox	val=None	acts=[]	opts=
O.item.magico.1	checkbox	val=None	acts=[]	opts=
O.item.magico.2	checkbox	val=None	acts=[]	opts=
O.item.magico.3	checkbox	val=None	acts=[]	opts=
PERCEPCAO.PASSIVA	text	val=None	acts=[calculate]	opts=
PROF.Escudo	checkbox	val=None	acts=[]	opts=
PROF.armas	text	val=None	acts=[]	opts=
PROF.ferramentas	text	val=None	acts=[]	opts=
PROF.leve	checkbox	val=None	acts=[]	opts=
PROF.med	checkbox	val=None	acts=[]	opts=
PROF.pesa	checkbox	val=None	acts=[]	opts=
PROFICIENCIA	text	val=None	acts=[calculate]	opts=
Reset	checkbox	val=None	acts=[]	opts=
Ritual.1	checkbox	val=None	acts=[]	opts=
Ritual.10	checkbox	val=None	acts=[]	opts=
Ritual.11	checkbox	val=None	acts=[]	opts=
Ritual.12	checkbox	val=None	acts=[]	opts=
Ritual.13	checkbox	val=None	acts=[]	opts=
Ritual.14	checkbox	val=None	acts=[]	opts=
Ritual.15	checkbox	val=None	acts=[]	opts=
Ritual.16	checkbox	val=None	acts=[]	opts=
Ritual.17	checkbox	val=None	acts=[]	opts=
Ritual.18	checkbox	val=None	acts=[]	opts=
Ritual.19	checkbox	val=None	acts=[]	opts=
Ritual.2	checkbox	val=None	acts=[]	opts=
Ritual.20	checkbox	val=None	acts=[]	opts=
Ritual.21	checkbox	val=None	acts=[]	opts=
Ritual.22	checkbox	val=None	acts=[]	opts=
Ritual.23	checkbox	val=None	acts=[]	opts=
Ritual.24	checkbox	val=None	acts=[]	opts=
Ritual.25	checkbox	val=None	acts=[]	opts=
Ritual.26	checkbox	val=None	acts=[]	opts=
Ritual.27	checkbox	val=None	acts=[]	opts=
Ritual.28	checkbox	val=None	acts=[]	opts=
Ritual.29	checkbox	val=None	acts=[]	opts=
Ritual.3	checkbox	val=None	acts=[]	opts=
Ritual.30	checkbox	val=None	acts=[]	opts=
Ritual.31	checkbox	val=None	acts=[]	opts=
Ritual.32	checkbox	val=None	acts=[]	opts=
Ritual.33	checkbox	val=None	acts=[]	opts=
Ritual.34	checkbox	val=None	acts=[]	opts=
Ritual.4	checkbox	val=None	acts=[]	opts=
Ritual.5	checkbox	val=None	acts=[]	opts=
Ritual.6	checkbox	val=None	acts=[]	opts=
Ritual.7	checkbox	val=None	acts=[]	opts=
Ritual.8	checkbox	val=None	acts=[]	opts=
Ritual.9	checkbox	val=None	acts=[]	opts=
SAB.MOD	text	val=None	acts=[calculate]	opts=
SAB.int	text	val=None	acts=[calculate]	opts=
SAB.lidar	text	val=None	acts=[calculate]	opts=
SAB.med	text	val=None	acts=[calculate]	opts=
SAB.perc	text	val=None	acts=[calculate]	opts=
SAB.res	text	val=None	acts=[calculate]	opts=
SAB.sob	text	val=None	acts=[calculate]	opts=
SAB.val	text	val=None	acts=[validate]	opts=
SUBCLASSE	combo	val=Selecione...	acts=[]	opts=['Selecione...', 'Selecione...']
Talentos	text	val=None	acts=[]	opts=
Tamanho	text	val=None	acts=[]	opts=
alcance.magia.0	text	val=None	acts=[]	opts=
alcance.magia.1	text	val=None	acts=[]	opts=
alcance.magia.10	text	val=None	acts=[]	opts=
alcance.magia.11	text	val=None	acts=[]	opts=
alcance.magia.12	text	val=None	acts=[]	opts=
alcance.magia.13	text	val=None	acts=[]	opts=
alcance.magia.14	text	val=None	acts=[]	opts=
alcance.magia.15	text	val=None	acts=[]	opts=
alcance.magia.16	text	val=None	acts=[]	opts=
alcance.magia.17	text	val=None	acts=[]	opts=
alcance.magia.18	text	val=None	acts=[]	opts=
alcance.magia.19	text	val=None	acts=[]	opts=
alcance.magia.2	text	val=None	acts=[]	opts=
alcance.magia.20	text	val=None	acts=[]	opts=
alcance.magia.21	text	val=None	acts=[]	opts=
alcance.magia.22	text	val=None	acts=[]	opts=
alcance.magia.23	text	val=None	acts=[]	opts=
alcance.magia.24	text	val=None	acts=[]	opts=
alcance.magia.25	text	val=None	acts=[]	opts=
alcance.magia.26	text	val=None	acts=[]	opts=
alcance.magia.27	text	val=None	acts=[]	opts=
alcance.magia.28	text	val=None	acts=[]	opts=
alcance.magia.29	text	val=None	acts=[]	opts=
alcance.magia.3	text	val=None	acts=[]	opts=
alcance.magia.30	text	val=None	acts=[]	opts=
alcance.magia.31	text	val=None	acts=[]	opts=
alcance.magia.32	text	val=None	acts=[]	opts=
alcance.magia.33	text	val=None	acts=[]	opts=
alcance.magia.4	text	val=None	acts=[]	opts=
alcance.magia.5	text	val=None	acts=[]	opts=
alcance.magia.6	text	val=None	acts=[]	opts=
alcance.magia.7	text	val=None	acts=[]	opts=
alcance.magia.8	text	val=None	acts=[]	opts=
alcance.magia.9	text	val=None	acts=[]	opts=
aparência	text	val=None	acts=[]	opts=
circulo1.0	text	val=None	acts=[]	opts=
circulo1.1	text	val=None	acts=[]	opts=
circulo1.10	text	val=None	acts=[]	opts=
circulo1.11	text	val=None	acts=[]	opts=
circulo1.12	text	val=None	acts=[]	opts=
circulo1.13	text	val=None	acts=[]	opts=
circulo1.14	text	val=None	acts=[]	opts=
circulo1.15	text	val=None	acts=[]	opts=
circulo1.16	text	val=None	acts=[]	opts=
circulo1.17	text	val=None	acts=[]	opts=
circulo1.18	text	val=None	acts=[]	opts=
circulo1.19	text	val=None	acts=[]	opts=
circulo1.2	text	val=None	acts=[]	opts=
circulo1.20	text	val=None	acts=[]	opts=
circulo1.21	text	val=None	acts=[]	opts=
circulo1.22	text	val=None	acts=[]	opts=
circulo1.23	text	val=None	acts=[]	opts=
circulo1.24	text	val=None	acts=[]	opts=
circulo1.25	text	val=None	acts=[]	opts=
circulo1.26	text	val=None	acts=[]	opts=
circulo1.27	text	val=None	acts=[]	opts=
circulo1.28	text	val=None	acts=[]	opts=
circulo1.29	text	val=None	acts=[]	opts=
circulo1.3	text	val=None	acts=[]	opts=
circulo1.30	text	val=None	acts=[]	opts=
circulo1.31	text	val=None	acts=[]	opts=
circulo1.32	text	val=None	acts=[]	opts=
circulo1.33	text	val=None	acts=[]	opts=
circulo1.4	text	val=None	acts=[]	opts=
circulo1.5	text	val=None	acts=[]	opts=
circulo1.6	text	val=None	acts=[]	opts=
circulo1.7	text	val=None	acts=[]	opts=
circulo1.8	text	val=None	acts=[]	opts=
circulo1.9	text	val=None	acts=[]	opts=
cobre	text	val=None	acts=[]	opts=
idiomas	text	val=None	acts=[]	opts=
nome.magia.1.0	text	val=None	acts=[]	opts=
nome.magia.1.1	text	val=None	acts=[]	opts=
nome.magia.1.10	text	val=None	acts=[]	opts=
nome.magia.1.11	text	val=None	acts=[]	opts=
nome.magia.1.12	text	val=None	acts=[]	opts=
nome.magia.1.13	text	val=None	acts=[]	opts=
nome.magia.1.14	text	val=None	acts=[]	opts=
nome.magia.1.15	text	val=None	acts=[]	opts=
nome.magia.1.16	text	val=None	acts=[]	opts=
nome.magia.1.17	text	val=None	acts=[]	opts=
nome.magia.1.18	text	val=None	acts=[]	opts=
nome.magia.1.19	text	val=None	acts=[]	opts=
nome.magia.1.2	text	val=None	acts=[]	opts=
nome.magia.1.20	text	val=None	acts=[]	opts=
nome.magia.1.21	text	val=None	acts=[]	opts=
nome.magia.1.22	text	val=None	acts=[]	opts=
nome.magia.1.23	text	val=None	acts=[]	opts=
nome.magia.1.24	text	val=None	acts=[]	opts=
nome.magia.1.25	text	val=None	acts=[]	opts=
nome.magia.1.26	text	val=None	acts=[]	opts=
nome.magia.1.27	text	val=None	acts=[]	opts=
nome.magia.1.28	text	val=None	acts=[]	opts=
nome.magia.1.29	text	val=None	acts=[]	opts=
nome.magia.1.3	text	val=None	acts=[]	opts=
nome.magia.1.30	text	val=None	acts=[]	opts=
nome.magia.1.31	text	val=None	acts=[]	opts=
nome.magia.1.32	text	val=None	acts=[]	opts=
nome.magia.1.33	text	val=None	acts=[]	opts=
nome.magia.1.4	text	val=None	acts=[]	opts=
nome.magia.1.5	text	val=None	acts=[]	opts=
nome.magia.1.6	text	val=None	acts=[]	opts=
nome.magia.1.7	text	val=None	acts=[]	opts=
nome.magia.1.8	text	val=None	acts=[]	opts=
nome.magia.1.9	text	val=None	acts=[]	opts=
notas.magia.1.0	text	val=None	acts=[]	opts=
notas.magia.1.1	text	val=None	acts=[]	opts=
notas.magia.1.10	text	val=None	acts=[]	opts=
notas.magia.1.11	text	val=None	acts=[]	opts=
notas.magia.1.12	text	val=None	acts=[]	opts=
notas.magia.1.13	text	val=None	acts=[]	opts=
notas.magia.1.14	text	val=None	acts=[]	opts=
notas.magia.1.15	text	val=None	acts=[]	opts=
notas.magia.1.16	text	val=None	acts=[]	opts=
notas.magia.1.17	text	val=None	acts=[]	opts=
notas.magia.1.18	text	val=None	acts=[]	opts=
notas.magia.1.19	text	val=None	acts=[]	opts=
notas.magia.1.2	text	val=None	acts=[]	opts=
notas.magia.1.20	text	val=None	acts=[]	opts=
notas.magia.1.21	text	val=None	acts=[]	opts=
notas.magia.1.22	text	val=None	acts=[]	opts=
notas.magia.1.23	text	val=None	acts=[]	opts=
notas.magia.1.24	text	val=None	acts=[]	opts=
notas.magia.1.25	text	val=None	acts=[]	opts=
notas.magia.1.26	text	val=None	acts=[]	opts=
notas.magia.1.27	text	val=None	acts=[]	opts=
notas.magia.1.28	text	val=None	acts=[]	opts=
notas.magia.1.29	text	val=None	acts=[]	opts=
notas.magia.1.3	text	val=None	acts=[]	opts=
notas.magia.1.30	text	val=None	acts=[]	opts=
notas.magia.1.31	text	val=None	acts=[]	opts=
notas.magia.1.32	text	val=None	acts=[]	opts=
notas.magia.1.33	text	val=None	acts=[]	opts=
notas.magia.1.4	text	val=None	acts=[]	opts=
notas.magia.1.5	text	val=None	acts=[]	opts=
notas.magia.1.6	text	val=None	acts=[]	opts=
notas.magia.1.7	text	val=None	acts=[]	opts=
notas.magia.1.8	text	val=None	acts=[]	opts=
notas.magia.1.9	text	val=None	acts=[]	opts=
o.INT.arc	checkbox	val=None	acts=[]	opts=
ouro	text	val=None	acts=[]	opts=
platina	text	val=None	acts=[]	opts=
prata	text	val=None	acts=[]	opts=
tempo.mag.0	combo	val=-	acts=[]	opts=-|Ação|AB|Reação|1min|10min|1h|8h|12h|24h
tempo.mag.1	combo	val=-	acts=[]	opts=-|Ação|AB|Reação|1min|10min|1h|8h|12h|24h
tempo.mag.10	combo	val=-	acts=[]	opts=-|Ação|AB|Reação|1min|10min|1h|8h|12h|24h
tempo.mag.11	combo	val=-	acts=[]	opts=-|Ação|AB|Reação|1min|10min|1h|8h|12h|24h
tempo.mag.12	combo	val=-	acts=[]	opts=-|Ação|AB|Reação|1min|10min|1h|8h|12h|24h
tempo.mag.13	combo	val=-	acts=[]	opts=-|Ação|AB|Reação|1min|10min|1h|8h|12h|24h
tempo.mag.14	combo	val=-	acts=[]	opts=-|Ação|AB|Reação|1min|10min|1h|8h|12h|24h
tempo.mag.15	combo	val=-	acts=[]	opts=-|Ação|AB|Reação|1min|10min|1h|8h|12h|24h
tempo.mag.16	combo	val=-	acts=[]	opts=-|Ação|AB|Reação|1min|10min|1h|8h|12h|24h
tempo.mag.17	combo	val=-	acts=[]	opts=-|Ação|AB|Reação|1min|10min|1h|8h|12h|24h
tempo.mag.18	combo	val=-	acts=[]	opts=-|Ação|AB|Reação|1min|10min|1h|8h|12h|24h
tempo.mag.19	combo	val=-	acts=[]	opts=-|Ação|AB|Reação|1min|10min|1h|8h|12h|24h
tempo.mag.2	combo	val=-	acts=[]	opts=-|Ação|AB|Reação|1min|10min|1h|8h|12h|24h
tempo.mag.20	combo	val=-	acts=[]	opts=-|Ação|AB|Reação|1min|10min|1h|8h|12h|24h
tempo.mag.21	combo	val=-	acts=[]	opts=-|Ação|AB|Reação|1min|10min|1h|8h|12h|24h
tempo.mag.22	combo	val=-	acts=[]	opts=-|Ação|AB|Reação|1min|10min|1h|8h|12h|24h
tempo.mag.23	combo	val=-	acts=[]	opts=-|Ação|AB|Reação|1min|10min|1h|8h|12h|24h
tempo.mag.24	combo	val=-	acts=[]	opts=-|Ação|AB|Reação|1min|10min|1h|8h|12h|24h
tempo.mag.25	combo	val=-	acts=[]	opts=-|Ação|AB|Reação|1min|10min|1h|8h|12h|24h
tempo.mag.26	combo	val=-	acts=[]	opts=-|Ação|AB|Reação|1min|10min|1h|8h|12h|24h
tempo.mag.27	combo	val=-	acts=[]	opts=-|Ação|AB|Reação|1min|10min|1h|8h|12h|24h
tempo.mag.28	combo	val=-	acts=[]	opts=-|Ação|AB|Reação|1min|10min|1h|8h|12h|24h
tempo.mag.29	combo	val=-	acts=[]	opts=-|Ação|AB|Reação|1min|10min|1h|8h|12h|24h
tempo.mag.3	combo	val=-	acts=[]	opts=-|Ação|AB|Reação|1min|10min|1h|8h|12h|24h
tempo.mag.30	combo	val=-	acts=[]	opts=-|Ação|AB|Reação|1min|10min|1h|8h|12h|24h
tempo.mag.31	combo	val=-	acts=[]	opts=-|Ação|AB|Reação|1min|10min|1h|8h|12h|24h
tempo.mag.32	combo	val=-	acts=[]	opts=-|Ação|AB|Reação|1min|10min|1h|8h|12h|24h
tempo.mag.33	combo	val=-	acts=[]	opts=-|Ação|AB|Reação|1min|10min|1h|8h|12h|24h
tempo.mag.4	combo	val=-	acts=[]	opts=-|Ação|AB|Reação|1min|10min|1h|8h|12h|24h
tempo.mag.5	combo	val=-	acts=[]	opts=-|Ação|AB|Reação|1min|10min|1h|8h|12h|24h
tempo.mag.6	combo	val=-	acts=[]	opts=-|Ação|AB|Reação|1min|10min|1h|8h|12h|24h
tempo.mag.7	combo	val=-	acts=[]	opts=-|Ação|AB|Reação|1min|10min|1h|8h|12h|24h
tempo.mag.8	combo	val=-	acts=[]	opts=-|Ação|AB|Reação|1min|10min|1h|8h|12h|24h
tempo.mag.9	combo	val=-	acts=[]	opts=-|Ação|AB|Reação|1min|10min|1h|8h|12h|24h